{"global_step": 280064, "_timestamp": 1717744189.380864, "_runtime": 17, "_step": 77, "charts/learning_rate": 0.0026000000070780516, "losses/value_loss": 147.3656768798828, "losses/policy_loss": -0.0043598441407084465, "losses/entropy": 5.752862453460693, "losses/old_approx_kl": 0.003195744939148426, "losses/approx_kl": 0.003667072858661413, "losses/clipfrac": 0.059722900390625, "charts/SPS": 30527.0, "charts/episodic_return": 868.8091430664062, "charts/episodic_length": 224.0, "_wandb": {"runtime": 18}}