{"global_step": 410112, "_timestamp": 1717744151.452224, "_runtime": 21, "_step": 132, "charts/learning_rate": 0.0026000000070780516, "losses/value_loss": 112.29682922363281, "losses/policy_loss": -0.006167410407215357, "losses/entropy": 5.794419288635254, "losses/old_approx_kl": 0.00945323146879673, "losses/approx_kl": 0.009993085637688637, "losses/clipfrac": 0.1224365234375, "charts/SPS": 30499.0, "charts/episodic_return": 1051.6837158203125, "charts/episodic_length": 271.0, "_wandb": {"runtime": 22}}